id_horario,id_clase,id_asignatura,es_hti,dia,periodo
1,6,177,1,Lunes,2
2,33,176,0,Lunes,8
3,33,176,0,Lunes,9
4,32,176,0,Lunes,10
5,32,176,0,Lunes,11
6,32,176,0,Martes,8
7,32,176,0,Martes,9
8,33,176,0,Miércoles,8
9,33,176,0,Jueves,10
10,33,176,0,Jueves,11
11,32,176,0,Viernes,10
12,32,175,0,Lunes,8
13,32,175,0,Lunes,9
14,33,175,0,Martes,10
15,33,175,0,Martes,11
16,33,175,0,Miércoles,7
17,32,175,0,Miércoles,8
18,32,175,0,Jueves,9
19,32,175,0,Jueves,10
20,33,175,0,Viernes,8
21,33,175,0,Viernes,9
22,18,174,1,Jueves,13
23,30,173,0,Lunes,12
24,30,173,0,Lunes,13
25,31,173,0,Martes,12
26,31,173,0,Martes,13
27,31,173,0,Jueves,13
28,31,173,0,Jueves,14
29,30,173,0,Viernes,13
30,30,173,0,Viernes,14
31,30,172,0,Lunes,10
32,31,172,0,Lunes,10
33,30,172,0,Lunes,11
34,31,172,0,Lunes,11
35,31,172,0,Miércoles,10
36,31,172,0,Miércoles,11
37,30,172,0,Viernes,9
38,30,172,0,Viernes,10
39,31,122,0,Lunes,8
40,31,122,0,Lunes,9
41,30,122,0,Martes,12
42,30,122,0,Martes,13
43,30,122,0,Miércoles,10
44,30,122,0,Miércoles,11
45,31,122,0,Jueves,11
46,31,122,0,Jueves,12
47,34,84,1,Viernes,8
48,34,84,1,Viernes,9
49,34,165,1,Viernes,11
50,34,165,1,Viernes,12
51,34,165,1,Viernes,13
52,34,159,0,Lunes,11
53,34,159,0,Lunes,12
54,33,164,0,Lunes,11
55,33,164,0,Lunes,12
56,33,164,0,Martes,8
57,33,164,0,Martes,9
58,32,164,0,Martes,10
59,32,164,0,Martes,11
60,32,164,0,Miércoles,9
61,32,164,0,Miércoles,10
62,32,164,0,Jueves,11
63,33,164,0,Viernes,10
64,31,157,0,Martes,8
65,31,157,0,Martes,9
66,30,157,0,Miércoles,12
67,30,157,0,Miércoles,13
68,31,157,0,Jueves,10
69,30,157,0,Jueves,12
70,30,157,0,Jueves,13
71,30,157,0,Viernes,8
72,31,157,0,Viernes,10
73,31,157,0,Viernes,11
74,28,156,0,Miércoles,10
75,29,156,0,Miércoles,11
76,28,156,0,Jueves,10
77,29,156,0,Jueves,10
78,28,156,0,Jueves,11
79,29,156,0,Jueves,11
80,28,121,0,Lunes,7
81,28,121,0,Martes,12
82,28,121,0,Martes,13
83,29,121,0,Miércoles,12
84,29,121,0,Miércoles,13
85,29,121,0,Jueves,12
86,29,121,0,Jueves,13
87,29,121,0,Viernes,7
88,28,121,0,Viernes,12
89,28,121,0,Viernes,13
90,29,124,0,Lunes,8
91,29,124,0,Lunes,9
92,28,124,0,Lunes,12
93,28,124,0,Martes,10
94,28,124,0,Martes,11
95,29,124,0,Jueves,8
96,29,124,0,Jueves,9
97,28,124,0,Viernes,10
98,28,124,0,Viernes,11
99,29,124,0,Viernes,12
100,28,62,0,Lunes,8
101,28,62,0,Lunes,9
102,29,62,0,Martes,10
103,29,62,0,Martes,11
104,28,62,0,Jueves,8
105,28,62,0,Jueves,9
106,29,62,0,Viernes,8
107,29,62,0,Viernes,9
108,28,152,0,Lunes,10
109,28,152,0,Lunes,11
110,29,152,0,Lunes,12
111,29,152,0,Lunes,13
112,29,152,0,Martes,8
113,29,152,0,Martes,9
114,28,152,0,Miércoles,8
115,28,152,0,Miércoles,9
116,29,151,0,Lunes,10
117,29,151,0,Lunes,11
118,28,151,0,Martes,8
119,28,151,0,Martes,9
120,29,151,0,Martes,12
121,29,151,0,Martes,13
122,28,151,0,Miércoles,12
123,28,151,0,Miércoles,13
124,26,150,0,Lunes,3
125,26,150,0,Lunes,4
126,27,150,0,Martes,8
127,27,150,0,Miércoles,4
128,27,150,0,Miércoles,5
129,26,150,0,Viernes,3
130,27,149,0,Miércoles,6
131,27,149,0,Miércoles,7
132,26,149,0,Viernes,6
133,26,149,0,Viernes,7
134,27,148,0,Lunes,3
135,27,148,0,Lunes,4
136,27,148,0,Martes,5
137,27,148,0,Martes,6
138,26,148,0,Miércoles,6
139,26,148,0,Miércoles,7
140,26,148,0,Jueves,4
141,26,148,0,Jueves,5
142,27,148,0,Jueves,6
143,27,148,0,Jueves,7
144,26,148,0,Viernes,4
145,26,148,0,Viernes,5
146,27,147,0,Lunes,5
147,27,147,0,Lunes,6
148,26,147,0,Lunes,7
149,26,147,0,Lunes,8
150,26,147,0,Martes,5
151,26,147,0,Martes,6
152,27,147,0,Jueves,4
153,27,147,0,Jueves,5
154,26,147,0,Jueves,6
155,26,147,0,Jueves,7
156,27,147,0,Viernes,5
157,27,147,0,Viernes,6
158,1,143,0,Lunes,4
159,2,143,0,Lunes,7
160,3,143,0,Martes,3
161,4,143,0,Martes,7
162,6,143,0,Miércoles,4
163,26,143,0,Miércoles,8
164,27,143,0,Jueves,3
165,5,143,0,Jueves,6
166,24,106,0,Lunes,3
167,24,106,0,Lunes,4
168,34,106,0,Lunes,9
169,34,106,0,Lunes,10
170,25,106,0,Miércoles,4
171,25,106,0,Miércoles,5
172,24,140,0,Lunes,6
173,24,140,0,Lunes,7
174,25,140,0,Martes,2
175,25,140,0,Martes,3
176,25,140,0,Miércoles,3
177,24,140,0,Jueves,7
178,34,106,1,Martes,6
179,34,106,1,Martes,7
180,25,106,1,Miércoles,6
181,24,106,1,Viernes,3
182,34,106,1,Viernes,10
183,24,138,0,Lunes,1
184,24,138,0,Lunes,2
185,25,138,0,Lunes,3
186,25,138,0,Lunes,4
187,24,138,0,Martes,3
188,25,138,0,Jueves,2
189,25,137,0,Lunes,1
190,25,137,0,Lunes,2
191,24,137,0,Martes,1
192,24,137,0,Martes,2
193,25,137,0,Miércoles,1
194,25,137,0,Miércoles,2
195,24,137,0,Jueves,1
196,24,137,0,Jueves,2
197,24,140,1,Martes,8
198,25,140,1,Jueves,7
199,24,138,1,Lunes,5
200,25,138,1,Jueves,1
201,24,137,1,Viernes,1
202,25,137,1,Viernes,2
203,19,133,1,Lunes,1
204,20,133,1,Martes,1
205,20,132,1,Miércoles,1
206,19,132,1,Viernes,1
207,19,131,1,Lunes,8
208,20,131,1,Lunes,8
209,19,131,1,Lunes,8
210,20,131,1,Lunes,8
211,19,130,1,Miércoles,8
212,20,130,1,Jueves,8
213,20,129,1,Jueves,1
214,19,129,1,Jueves,3
215,19,128,1,Martes,5
216,20,128,1,Miércoles,8
217,15,127,1,Lunes,7
218,14,127,1,Jueves,12
219,13,127,1,Viernes,13
220,14,126,1,Martes,7
221,13,126,1,Miércoles,7
222,15,126,1,Jueves,7
223,15,125,1,Martes,14
224,13,125,1,Miércoles,14
225,14,125,1,Jueves,13
226,14,124,1,Lunes,7
227,15,124,1,Jueves,12
228,13,124,1,Jueves,13
229,13,123,1,Lunes,7
230,15,123,1,Martes,7
231,14,123,1,Miércoles,7
232,13,122,1,Martes,8
233,15,122,1,Viernes,7
234,14,122,1,Viernes,9
235,8,121,1,Miércoles,1
236,9,121,1,Jueves,2
237,7,121,1,Jueves,9
238,7,120,1,Martes,9
239,8,120,1,Miércoles,4
240,9,120,1,Viernes,7
241,8,119,1,Lunes,10
242,9,119,1,Miércoles,10
243,7,119,1,Viernes,9
244,8,118,1,Lunes,1
245,7,118,1,Lunes,8
246,9,118,1,Martes,7
247,3,117,1,Lunes,1
248,2,117,1,Viernes,1
249,1,117,1,Viernes,2
250,1,116,1,Lunes,7
251,2,116,1,Martes,6
252,3,116,1,Miércoles,1
253,2,115,1,Martes,8
254,3,115,1,Miércoles,6
255,1,115,1,Jueves,2
256,2,114,1,Miércoles,7
257,3,114,1,Jueves,6
258,1,114,1,Jueves,7
259,23,98,1,Martes,3
260,23,111,1,Martes,9
261,24,111,1,Miércoles,7
262,25,111,1,Miércoles,7
263,24,111,1,Miércoles,7
264,25,111,1,Miércoles,7
265,24,111,1,Miércoles,8
266,25,111,1,Miércoles,8
267,24,111,1,Miércoles,8
268,25,111,1,Miércoles,8
269,23,111,1,Jueves,8
270,23,110,1,Lunes,2
271,23,102,1,Jueves,3
272,23,108,1,Lunes,9
273,23,107,1,Viernes,3
274,23,106,1,Viernes,2
275,21,105,1,Martes,8
276,22,105,1,Jueves,5
277,21,104,1,Jueves,2
278,22,104,1,Viernes,1
279,22,103,1,Martes,8
280,21,103,1,Miércoles,8
281,21,102,1,Martes,7
282,22,102,1,Martes,7
283,21,102,1,Martes,7
284,22,102,1,Martes,7
285,19,102,1,Viernes,7
286,20,102,1,Viernes,7
287,19,102,1,Viernes,7
288,20,102,1,Viernes,7
289,21,101,1,Jueves,1
290,22,101,1,Viernes,2
291,21,100,1,Miércoles,1
292,22,100,1,Miércoles,2
293,21,99,1,Miércoles,7
294,22,99,1,Viernes,7
295,15,98,1,Lunes,13
296,17,98,1,Martes,1
297,18,98,1,Martes,7
298,16,98,1,Jueves,2
299,14,98,1,Jueves,7
300,13,98,1,Viernes,12
301,17,97,1,Jueves,8
302,16,97,1,Viernes,9
303,17,96,1,Lunes,7
304,16,96,1,Miércoles,7
305,16,95,1,Viernes,4
306,17,95,1,Viernes,9
307,17,94,1,Jueves,7
308,16,94,1,Viernes,3
309,16,93,1,Martes,4
310,17,93,1,Viernes,4
311,17,92,1,Lunes,8
312,16,92,1,Jueves,9
313,10,84,1,Lunes,8
314,9,84,1,Martes,5
315,12,84,1,Martes,8
316,11,84,1,Jueves,6
317,7,84,1,Viernes,2
318,8,84,1,Viernes,6
319,11,90,1,Lunes,1
320,10,90,1,Jueves,1
321,10,169,1,Martes,7
322,11,169,1,Jueves,8
323,11,88,1,Martes,9
324,10,88,1,Jueves,2
325,10,87,1,Martes,2
326,11,87,1,Viernes,1
327,9,86,1,Lunes,6
328,7,86,1,Miércoles,5
329,8,86,1,Miércoles,7
330,11,86,1,Jueves,7
331,10,86,1,Viernes,3
332,10,85,1,Martes,4
333,9,85,1,Martes,6
334,8,85,1,Jueves,5
335,7,85,1,Viernes,3
336,11,85,1,Viernes,7
337,1,84,1,Lunes,2
338,4,84,1,Lunes,9
339,5,84,1,Miércoles,7
340,3,84,1,Miércoles,8
341,2,84,1,Jueves,3
342,6,84,1,Viernes,8
343,5,83,1,Martes,2
344,4,83,1,Jueves,2
345,4,114,1,Jueves,1
346,5,114,1,Viernes,7
347,5,81,1,Martes,7
348,4,81,1,Jueves,7
349,4,80,1,Miércoles,2
350,5,80,1,Jueves,1
351,5,79,1,Miércoles,8
352,4,79,1,Viernes,4
353,5,78,1,Lunes,1
354,2,78,1,Martes,9
355,1,78,1,Miércoles,8
356,3,78,1,Viernes,2
357,4,78,1,Viernes,2
358,6,77,0,Martes,3
359,27,77,0,Martes,7
360,31,77,0,Martes,10
361,30,77,0,Martes,11
362,18,77,0,Miércoles,9
363,29,77,0,Miércoles,10
364,28,77,0,Miércoles,11
365,12,77,0,Jueves,3
366,26,77,0,Jueves,8
367,23,111,0,Lunes,5
368,23,111,0,Lunes,6
369,24,111,0,Martes,4
370,25,111,0,Martes,4
371,24,111,0,Martes,4
372,25,111,0,Martes,4
373,24,111,0,Martes,5
374,25,111,0,Martes,5
375,24,111,0,Martes,5
376,25,111,0,Martes,5
377,23,111,0,Miércoles,7
378,23,111,0,Miércoles,8
379,24,111,0,Jueves,3
380,25,111,0,Jueves,3
381,24,111,0,Jueves,3
382,25,111,0,Jueves,3
383,24,111,0,Jueves,4
384,25,111,0,Jueves,4
385,24,111,0,Jueves,4
386,25,111,0,Jueves,4
387,24,111,0,Martes,6
388,25,111,0,Martes,6
389,24,111,0,Martes,6
390,25,111,0,Martes,6
391,24,111,0,Martes,7
392,25,111,0,Martes,7
393,24,111,0,Martes,7
394,25,111,0,Martes,7
395,23,111,0,Miércoles,5
396,23,111,0,Miércoles,6
397,24,111,0,Jueves,5
398,25,111,0,Jueves,5
399,24,111,0,Jueves,5
400,25,111,0,Jueves,5
401,24,111,0,Jueves,6
402,25,111,0,Jueves,6
403,24,111,0,Jueves,6
404,25,111,0,Jueves,6
405,23,111,0,Viernes,6
406,23,111,0,Viernes,7
407,23,110,0,Martes,5
408,23,110,0,Martes,6
409,23,110,0,Jueves,4
410,23,110,0,Jueves,5
411,23,102,0,Lunes,3
412,23,102,0,Lunes,4
413,23,102,0,Miércoles,3
414,23,102,0,Miércoles,4
415,23,108,0,Lunes,7
416,23,108,0,Lunes,8
417,23,108,0,Jueves,6
418,23,108,0,Jueves,7
419,23,107,0,Martes,7
420,23,107,0,Martes,8
421,23,107,0,Viernes,8
422,23,107,0,Viernes,9
423,33,106,0,Lunes,10
424,32,106,0,Lunes,12
425,32,106,0,Lunes,13
426,32,106,0,Martes,12
427,32,106,0,Martes,13
428,33,106,0,Miércoles,9
429,33,106,0,Miércoles,10
430,23,106,0,Jueves,1
431,23,106,0,Jueves,2
432,33,106,0,Jueves,8
433,33,106,0,Jueves,9
434,32,106,0,Viernes,9
435,18,69,0,Jueves,7
436,18,69,0,Jueves,8
437,18,69,0,Viernes,9
438,18,69,0,Viernes,10
439,18,68,0,Lunes,7
440,18,68,0,Lunes,8
441,18,68,0,Miércoles,7
442,18,68,0,Miércoles,8
443,18,146,0,Lunes,11
444,18,146,0,Lunes,12
445,18,146,0,Martes,10
446,18,146,0,Martes,11
447,18,145,0,Miércoles,10
448,18,145,0,Miércoles,11
449,18,145,0,Viernes,7
450,18,145,0,Viernes,8
451,18,169,0,Lunes,9
452,18,169,0,Lunes,10
453,18,169,0,Jueves,10
454,18,169,0,Jueves,11
455,18,65,0,Martes,12
456,18,65,0,Martes,13
457,18,65,0,Jueves,12
458,18,64,0,Viernes,11
459,18,64,0,Viernes,12
460,12,63,0,Lunes,2
461,12,63,0,Lunes,3
462,12,63,0,Miércoles,7
463,12,63,0,Miércoles,8
464,12,62,0,Lunes,6
465,12,62,0,Lunes,7
466,12,62,0,Miércoles,3
467,12,62,0,Miércoles,4
468,12,61,0,Lunes,4
469,12,61,0,Lunes,5
470,12,61,0,Miércoles,5
471,12,61,0,Miércoles,6
472,31,121,0,Lunes,12
473,31,121,0,Lunes,13
474,12,121,0,Martes,5
475,12,121,0,Martes,6
476,30,121,0,Martes,8
477,30,121,0,Martes,9
478,30,121,0,Miércoles,8
479,30,121,0,Miércoles,9
480,12,121,0,Jueves,4
481,12,121,0,Jueves,5
482,31,121,0,Jueves,8
483,31,121,0,Jueves,9
484,12,59,0,Martes,3
485,12,59,0,Martes,4
486,12,59,0,Viernes,3
487,12,59,0,Viernes,4
488,12,58,0,Miércoles,2
489,12,58,0,Viernes,1
490,12,58,0,Viernes,2
491,12,51,0,Jueves,1
492,12,51,0,Jueves,2
493,6,56,0,Lunes,5
494,6,56,0,Lunes,6
495,6,56,0,Viernes,4
496,6,56,0,Viernes,5
497,6,55,0,Martes,4
498,6,55,0,Martes,5
499,6,55,0,Jueves,4
500,6,55,0,Jueves,5
501,6,54,0,Lunes,7
502,6,54,0,Lunes,8
503,6,54,0,Miércoles,7
504,6,54,0,Miércoles,8
505,6,177,0,Lunes,3
506,6,177,0,Lunes,4
507,6,177,0,Jueves,2
508,6,177,0,Jueves,3
509,6,52,0,Miércoles,3
510,6,52,0,Viernes,1
511,6,52,0,Viernes,2
512,6,51,0,Martes,1
513,6,51,0,Martes,2
514,21,105,0,Lunes,3
515,21,105,0,Lunes,4
516,22,105,0,Martes,3
517,22,105,0,Martes,4
518,22,105,0,Jueves,3
519,22,105,0,Jueves,4
520,21,105,0,Jueves,5
521,21,105,0,Jueves,6
522,21,104,0,Lunes,1
523,21,104,0,Lunes,2
524,22,104,0,Martes,1
525,22,104,0,Martes,2
526,21,104,0,Miércoles,2
527,21,104,0,Miércoles,3
528,22,104,0,Viernes,3
529,22,104,0,Viernes,4
530,16,97,0,Lunes,7
531,16,97,0,Lunes,8
532,17,97,0,Martes,7
533,17,97,0,Martes,8
534,17,97,0,Miércoles,7
535,17,97,0,Miércoles,8
536,16,97,0,Jueves,5
537,16,97,0,Jueves,6
538,22,103,0,Lunes,7
539,22,103,0,Lunes,8
540,21,103,0,Miércoles,4
541,21,103,0,Miércoles,5
542,22,103,0,Miércoles,6
543,22,103,0,Miércoles,7
544,21,103,0,Viernes,3
545,21,103,0,Viernes,4
546,22,101,0,Lunes,3
547,22,101,0,Lunes,4
548,21,101,0,Martes,3
549,21,101,0,Martes,4
550,22,101,0,Miércoles,4
551,22,101,0,Miércoles,5
552,21,101,0,Jueves,3
553,21,101,0,Jueves,4
554,22,100,0,Lunes,1
555,22,100,0,Lunes,2
556,21,100,0,Martes,1
557,21,100,0,Martes,2
558,22,100,0,Jueves,1
559,22,100,0,Jueves,2
560,21,100,0,Viernes,1
561,21,100,0,Viernes,2
562,21,99,0,Lunes,7
563,21,99,0,Lunes,8
564,22,99,0,Miércoles,3
565,21,99,0,Miércoles,6
566,22,99,0,Viernes,5
567,22,99,0,Viernes,6
568,17,96,0,Lunes,5
569,17,96,0,Lunes,6
570,16,96,0,Martes,5
571,16,96,0,Martes,6
572,17,96,0,Viernes,5
573,17,96,0,Viernes,6
574,16,96,0,Viernes,7
575,16,96,0,Viernes,8
576,17,95,0,Martes,3
577,17,95,0,Martes,4
578,16,95,0,Martes,7
579,16,95,0,Martes,8
580,17,95,0,Jueves,3
581,17,95,0,Jueves,4
582,16,95,0,Jueves,7
583,16,95,0,Jueves,8
584,16,94,0,Lunes,3
585,16,94,0,Lunes,4
586,17,94,0,Martes,5
587,17,94,0,Martes,6
588,16,94,0,Miércoles,5
589,16,94,0,Miércoles,6
590,17,94,0,Jueves,5
591,17,94,0,Jueves,6
592,17,93,0,Lunes,2
593,17,93,0,Lunes,3
594,16,93,0,Martes,3
595,17,93,0,Miércoles,1
596,17,93,0,Miércoles,2
597,16,93,0,Miércoles,3
598,16,93,0,Miércoles,4
599,17,93,0,Viernes,3
600,16,93,0,Viernes,5
601,16,93,0,Viernes,6
602,16,39,0,Lunes,5
603,16,39,0,Lunes,6
604,17,39,0,Miércoles,5
605,17,39,0,Miércoles,6
606,16,39,0,Jueves,3
607,16,39,0,Jueves,4
608,17,39,0,Viernes,7
609,17,39,0,Viernes,8
610,11,38,0,Lunes,2
611,11,38,0,Lunes,3
612,10,38,0,Lunes,4
613,10,38,0,Lunes,5
614,11,38,0,Miércoles,1
615,11,38,0,Miércoles,2
616,10,38,0,Viernes,1
617,10,38,0,Viernes,2
618,11,169,0,Lunes,6
619,11,169,0,Lunes,7
620,10,169,0,Martes,5
621,10,169,0,Martes,6
622,10,169,0,Miércoles,5
623,10,169,0,Miércoles,6
624,11,169,0,Miércoles,7
625,11,169,0,Miércoles,8
626,11,88,0,Lunes,4
627,11,88,0,Lunes,5
628,11,88,0,Martes,7
629,11,88,0,Martes,8
630,10,88,0,Miércoles,3
631,10,88,0,Miércoles,4
632,10,88,0,Viernes,4
633,10,88,0,Viernes,5
634,11,87,0,Jueves,2
635,11,87,0,Jueves,3
636,10,87,0,Jueves,5
637,10,87,0,Jueves,6
638,11,87,0,Viernes,2
639,11,87,0,Viernes,3
640,10,87,0,Viernes,7
641,10,87,0,Viernes,8
642,5,83,0,Martes,3
643,5,83,0,Martes,4
644,4,83,0,Martes,8
645,4,83,0,Martes,9
646,5,83,0,Jueves,4
647,5,83,0,Jueves,5
648,4,83,0,Viernes,7
649,4,83,0,Viernes,8
650,5,114,0,Lunes,5
651,5,114,0,Lunes,6
652,4,114,0,Lunes,7
653,4,114,0,Lunes,8
654,5,114,0,Miércoles,1
655,5,114,0,Miércoles,2
656,4,114,0,Viernes,5
657,4,114,0,Viernes,6
658,4,81,0,Lunes,3
659,4,81,0,Lunes,4
660,5,81,0,Martes,5
661,5,81,0,Martes,6
662,4,81,0,Miércoles,5
663,4,81,0,Miércoles,6
664,5,81,0,Viernes,4
665,5,81,0,Viernes,5
666,5,80,0,Lunes,3
667,5,80,0,Lunes,4
668,4,80,0,Martes,3
669,4,80,0,Martes,4
670,5,80,0,Miércoles,5
671,5,80,0,Miércoles,6
672,4,80,0,Jueves,3
673,4,80,0,Jueves,4
674,5,79,0,Lunes,7
675,5,79,0,Lunes,8
676,4,79,0,Miércoles,3
677,4,79,0,Miércoles,4
678,4,79,0,Jueves,5
679,4,79,0,Jueves,6
680,5,79,0,Jueves,7
681,5,79,0,Jueves,8
682,34,84,0,Martes,8
683,34,84,0,Martes,9
684,23,98,0,Martes,4
685,23,98,0,Viernes,4
686,23,98,0,Viernes,5
687,17,98,0,Lunes,4
688,30,98,0,Lunes,8
689,30,98,0,Lunes,9
690,15,98,0,Lunes,12
691,16,98,0,Martes,2
692,18,98,0,Martes,8
693,18,98,0,Martes,9
694,16,98,0,Miércoles,1
695,16,98,0,Miércoles,2
696,17,98,0,Miércoles,3
697,17,98,0,Miércoles,4
698,14,98,0,Miércoles,8
699,14,98,0,Miércoles,9
700,31,98,0,Miércoles,12
701,31,98,0,Miércoles,13
702,13,98,0,Jueves,7
703,13,98,0,Jueves,8
704,30,98,0,Jueves,8
705,18,98,0,Jueves,9
706,30,98,0,Jueves,9
707,15,98,0,Jueves,10
708,15,98,0,Jueves,11
709,13,98,0,Viernes,7
710,14,98,0,Viernes,7
711,31,98,0,Viernes,12
712,31,98,0,Viernes,13
713,7,84,0,Lunes,3
714,10,84,0,Lunes,6
715,10,84,0,Lunes,7
716,12,84,0,Martes,7
717,9,84,0,Miércoles,5
718,11,84,0,Miércoles,5
719,9,84,0,Miércoles,6
720,11,84,0,Miércoles,6
721,29,84,0,Miércoles,8
722,29,84,0,Miércoles,9
723,7,84,0,Jueves,3
724,7,84,0,Jueves,4
725,9,84,0,Jueves,7
726,8,84,0,Jueves,8
727,28,84,0,Jueves,12
728,28,84,0,Jueves,13
729,8,84,0,Viernes,4
730,8,84,0,Viernes,5
731,12,84,0,Viernes,5
732,10,84,0,Viernes,6
733,12,84,0,Viernes,6
734,11,84,0,Viernes,8
735,28,84,0,Viernes,8
736,28,84,0,Viernes,9
737,29,84,0,Viernes,10
738,29,84,0,Viernes,11
739,1,84,0,Lunes,5
740,3,84,0,Lunes,5
741,3,84,0,Lunes,6
742,26,84,0,Martes,7
743,26,84,0,Martes,8
744,2,84,0,Miércoles,2
745,5,84,0,Miércoles,3
746,5,84,0,Miércoles,4
747,26,84,0,Miércoles,4
748,6,84,0,Miércoles,5
749,26,84,0,Miércoles,5
750,6,84,0,Miércoles,6
751,3,84,0,Miércoles,7
752,4,84,0,Miércoles,7
753,4,84,0,Miércoles,8
754,27,84,0,Jueves,1
755,27,84,0,Jueves,2
756,2,84,0,Jueves,4
757,1,84,0,Jueves,5
758,2,84,0,Jueves,5
759,1,84,0,Jueves,6
760,27,84,0,Viernes,1
761,27,84,0,Viernes,2
762,5,84,0,Viernes,3
763,6,84,0,Viernes,3
764,4,84,0,Viernes,9
765,19,133,0,Lunes,2
766,20,133,0,Martes,2
767,19,133,0,Jueves,1
768,19,133,0,Jueves,2
769,20,133,0,Viernes,3
770,20,133,0,Viernes,4
771,19,132,0,Martes,1
772,19,132,0,Martes,2
773,20,132,0,Martes,5
774,20,132,0,Miércoles,2
775,20,132,0,Miércoles,3
776,19,132,0,Viernes,2
777,19,102,0,Lunes,4
778,20,102,0,Lunes,4
779,19,102,0,Lunes,4
780,20,102,0,Lunes,4
781,19,102,0,Lunes,5
782,20,102,0,Lunes,5
783,19,102,0,Lunes,5
784,20,102,0,Lunes,5
785,21,102,0,Lunes,5
786,22,102,0,Lunes,5
787,21,102,0,Lunes,5
788,22,102,0,Lunes,5
789,21,102,0,Lunes,6
790,22,102,0,Lunes,6
791,21,102,0,Lunes,6
792,22,102,0,Lunes,6
793,21,102,0,Martes,5
794,22,102,0,Martes,5
795,21,102,0,Martes,5
796,22,102,0,Martes,5
797,21,102,0,Martes,6
798,22,102,0,Martes,6
799,21,102,0,Martes,6
800,22,102,0,Martes,6
801,32,102,0,Miércoles,11
802,33,102,0,Miércoles,11
803,32,102,0,Miércoles,11
804,33,102,0,Miércoles,11
805,32,102,0,Miércoles,12
806,33,102,0,Miércoles,12
807,32,102,0,Miércoles,12
808,33,102,0,Miércoles,12
809,19,102,0,Jueves,4
810,20,102,0,Jueves,4
811,19,102,0,Jueves,4
812,20,102,0,Jueves,4
813,19,102,0,Jueves,5
814,20,102,0,Jueves,5
815,19,102,0,Jueves,5
816,20,102,0,Jueves,5
817,32,102,0,Jueves,12
818,33,102,0,Jueves,12
819,32,102,0,Jueves,12
820,33,102,0,Jueves,12
821,32,102,0,Viernes,11
822,33,102,0,Viernes,11
823,32,102,0,Viernes,11
824,33,102,0,Viernes,11
825,32,102,0,Viernes,12
826,33,102,0,Viernes,12
827,32,102,0,Viernes,12
828,33,102,0,Viernes,12
829,19,21,0,Lunes,6
830,20,21,0,Lunes,6
831,19,21,0,Lunes,6
832,20,21,0,Lunes,6
833,19,21,0,Lunes,7
834,20,21,0,Lunes,7
835,19,21,0,Lunes,7
836,20,21,0,Lunes,7
837,19,21,0,Miércoles,4
838,20,21,0,Miércoles,4
839,19,21,0,Miércoles,4
840,20,21,0,Miércoles,4
841,19,21,0,Miércoles,5
842,20,21,0,Miércoles,5
843,19,21,0,Miércoles,5
844,20,21,0,Miércoles,5
845,20,130,0,Martes,6
846,20,130,0,Martes,7
847,19,130,0,Miércoles,6
848,19,130,0,Miércoles,7
849,20,130,0,Jueves,6
850,20,130,0,Jueves,7
851,19,130,0,Viernes,5
852,19,130,0,Viernes,6
853,19,129,0,Lunes,3
854,19,129,0,Martes,3
855,19,129,0,Martes,4
856,19,129,0,Miércoles,2
857,19,129,0,Miércoles,3
858,20,129,0,Miércoles,6
859,20,129,0,Miércoles,7
860,20,129,0,Jueves,2
861,20,129,0,Viernes,1
862,20,129,0,Viernes,2
863,20,128,0,Martes,3
864,20,128,0,Martes,4
865,19,128,0,Jueves,6
866,19,128,0,Jueves,7
867,19,128,0,Viernes,3
868,19,128,0,Viernes,4
869,20,128,0,Viernes,5
870,20,128,0,Viernes,6
871,13,127,0,Lunes,12
872,13,127,0,Lunes,13
873,15,127,0,Martes,8
874,15,127,0,Martes,9
875,14,127,0,Martes,12
876,14,127,0,Martes,13
877,15,127,0,Miércoles,8
878,15,127,0,Miércoles,9
879,13,127,0,Miércoles,10
880,13,127,0,Miércoles,11
881,14,127,0,Jueves,8
882,14,127,0,Jueves,9
883,13,126,0,Lunes,10
884,13,126,0,Lunes,11
885,14,126,0,Lunes,12
886,14,126,0,Lunes,13
887,15,126,0,Martes,10
888,15,126,0,Martes,11
889,13,126,0,Miércoles,12
890,13,126,0,Miércoles,13
891,15,126,0,Viernes,8
892,15,126,0,Viernes,9
893,14,126,0,Viernes,12
894,14,126,0,Viernes,13
895,14,125,0,Lunes,10
896,14,125,0,Lunes,11
897,13,125,0,Martes,12
898,15,125,0,Martes,12
899,13,125,0,Martes,13
900,15,125,0,Martes,13
901,14,125,0,Miércoles,12
902,15,125,0,Miércoles,12
903,14,125,0,Miércoles,13
904,15,125,0,Miércoles,13
905,13,125,0,Jueves,11
906,13,125,0,Jueves,12
907,14,124,0,Lunes,8
908,14,124,0,Lunes,9
909,13,124,0,Miércoles,8
910,13,124,0,Miércoles,9
911,15,124,0,Miércoles,10
912,15,124,0,Miércoles,11
913,13,124,0,Viernes,10
914,14,124,0,Viernes,10
915,13,124,0,Viernes,11
916,14,124,0,Viernes,11
917,15,124,0,Viernes,12
918,15,124,0,Viernes,13
919,15,123,0,Lunes,8
920,15,123,0,Lunes,9
921,14,123,0,Martes,8
922,14,123,0,Martes,9
923,13,123,0,Martes,10
924,13,123,0,Martes,11
925,15,123,0,Jueves,8
926,15,123,0,Jueves,9
927,14,123,0,Jueves,10
928,14,123,0,Jueves,11
929,13,123,0,Viernes,8
930,13,123,0,Viernes,9
931,13,122,0,Lunes,8
932,13,122,0,Lunes,9
933,15,122,0,Lunes,10
934,15,122,0,Lunes,11
935,13,122,0,Martes,9
936,14,122,0,Martes,10
937,14,122,0,Martes,11
938,15,122,0,Miércoles,7
939,14,122,0,Miércoles,10
940,14,122,0,Miércoles,11
941,13,122,0,Jueves,9
942,13,122,0,Jueves,10
943,14,122,0,Viernes,8
944,15,122,0,Viernes,10
945,15,122,0,Viernes,11
946,7,121,0,Lunes,4
947,7,121,0,Lunes,5
948,9,121,0,Martes,1
949,9,121,0,Martes,2
950,8,121,0,Miércoles,2
951,8,121,0,Miércoles,3
952,8,121,0,Viernes,2
953,8,121,0,Viernes,3
954,9,121,0,Viernes,3
955,9,121,0,Viernes,4
956,7,121,0,Viernes,5
957,7,121,0,Viernes,6
958,8,120,0,Lunes,2
959,8,120,0,Lunes,3
960,9,120,0,Lunes,3
961,9,120,0,Lunes,4
962,7,120,0,Miércoles,6
963,7,120,0,Miércoles,7
964,8,120,0,Jueves,3
965,9,120,0,Jueves,3
966,8,120,0,Jueves,4
967,9,120,0,Jueves,4
968,7,120,0,Viernes,7
969,7,120,0,Viernes,8
970,9,119,0,Lunes,7
971,9,119,0,Lunes,8
972,7,119,0,Lunes,9
973,7,119,0,Martes,6
974,8,119,0,Martes,7
975,9,119,0,Miércoles,7
976,7,119,0,Miércoles,8
977,7,119,0,Miércoles,9
978,8,119,0,Jueves,6
979,8,119,0,Jueves,7
980,8,119,0,Viernes,7
981,9,119,0,Viernes,8
982,8,118,0,Martes,3
983,8,118,0,Martes,4
984,7,118,0,Martes,7
985,7,118,0,Martes,8
986,9,118,0,Miércoles,1
987,9,118,0,Miércoles,2
988,8,118,0,Jueves,1
989,8,118,0,Jueves,2
990,7,118,0,Jueves,7
991,7,118,0,Jueves,8
992,9,118,0,Viernes,1
993,9,118,0,Viernes,2
994,10,85,0,Lunes,2
995,10,85,0,Lunes,3
996,8,85,0,Lunes,4
997,8,85,0,Lunes,5
998,7,85,0,Lunes,6
999,7,85,0,Lunes,7
1000,10,85,0,Martes,3
1001,7,85,0,Martes,4
1002,7,85,0,Martes,5
1003,11,85,0,Martes,5
1004,11,85,0,Martes,6
1005,9,85,0,Miércoles,3
1006,9,85,0,Miércoles,4
1007,8,85,0,Miércoles,5
1008,8,85,0,Miércoles,6
1009,31,85,0,Miércoles,8
1010,31,85,0,Miércoles,9
1011,11,85,0,Jueves,4
1012,11,85,0,Jueves,5
1013,10,85,0,Jueves,7
1014,10,85,0,Jueves,8
1015,30,85,0,Jueves,10
1016,30,85,0,Jueves,11
1017,9,85,0,Viernes,5
1018,9,85,0,Viernes,6
1019,11,85,0,Viernes,6
1020,31,85,0,Viernes,8
1021,31,85,0,Viernes,9
1022,30,85,0,Viernes,11
1023,30,85,0,Viernes,12
1024,7,86,0,Lunes,1
1025,7,86,0,Lunes,2
1026,9,86,0,Lunes,5
1027,8,86,0,Lunes,6
1028,8,86,0,Lunes,7
1029,9,86,0,Martes,3
1030,9,86,0,Martes,4
1031,8,86,0,Martes,5
1032,8,86,0,Martes,6
1033,10,86,0,Miércoles,1
1034,10,86,0,Miércoles,2
1035,11,86,0,Miércoles,3
1036,7,86,0,Miércoles,4
1037,11,86,0,Miércoles,4
1038,8,86,0,Miércoles,8
1039,10,86,0,Jueves,3
1040,10,86,0,Jueves,4
1041,7,86,0,Jueves,5
1042,9,86,0,Jueves,5
1043,7,86,0,Jueves,6
1044,9,86,0,Jueves,6
1045,11,86,0,Viernes,4
1046,11,86,0,Viernes,5
1047,2,117,0,Lunes,1
1048,2,117,0,Lunes,2
1049,3,117,0,Lunes,2
1050,1,117,0,Lunes,3
1051,1,117,0,Miércoles,1
1052,1,117,0,Miércoles,2
1053,2,117,0,Miércoles,3
1054,3,117,0,Jueves,1
1055,3,117,0,Jueves,2
1056,1,116,0,Lunes,6
1057,1,116,0,Martes,1
1058,1,116,0,Martes,2
1059,3,116,0,Martes,4
1060,3,116,0,Martes,5
1061,2,116,0,Martes,7
1062,3,116,0,Miércoles,2
1063,1,116,0,Miércoles,3
1064,1,116,0,Miércoles,4
1065,3,116,0,Jueves,3
1066,3,116,0,Jueves,4
1067,2,116,0,Jueves,6
1068,2,116,0,Jueves,7
1069,2,116,0,Viernes,5
1070,2,116,0,Viernes,6
1071,1,3,0,Martes,3
1072,1,3,0,Martes,4
1073,2,3,0,Martes,4
1074,2,3,0,Martes,5
1075,3,3,0,Martes,6
1076,3,3,0,Martes,7
1077,1,3,0,Miércoles,5
1078,3,3,0,Miércoles,5
1079,2,3,0,Miércoles,8
1080,2,3,0,Miércoles,9
1081,3,3,0,Jueves,7
1082,3,3,0,Jueves,8
1083,1,3,0,Viernes,3
1084,1,3,0,Viernes,4
1085,2,3,0,Viernes,9
1086,2,114,0,Lunes,5
1087,2,114,0,Lunes,6
1088,1,114,0,Martes,5
1089,1,114,0,Martes,6
1090,3,114,0,Miércoles,3
1091,3,114,0,Miércoles,4
1092,2,114,0,Miércoles,6
1093,1,114,0,Jueves,3
1094,1,114,0,Jueves,4
1095,3,114,0,Jueves,5
1096,2,114,0,Viernes,3
1097,2,114,0,Viernes,4
1098,3,114,0,Viernes,5
1099,3,114,0,Viernes,6
1100,1,114,0,Viernes,7
1101,27,78,0,Lunes,1
1102,5,78,0,Lunes,2
1103,27,78,0,Lunes,2
1104,2,78,0,Lunes,3
1105,3,78,0,Lunes,3
1106,2,78,0,Lunes,4
1107,3,78,0,Lunes,4
1108,4,78,0,Lunes,5
1109,26,78,0,Lunes,5
1110,4,78,0,Lunes,6
1111,26,78,0,Lunes,6
1112,1,78,0,Lunes,8
1113,1,78,0,Lunes,9
1114,3,78,0,Martes,1
1115,3,78,0,Martes,2
1116,4,78,0,Martes,5
1117,4,78,0,Martes,6
1118,27,78,0,Miércoles,2
1119,27,78,0,Miércoles,3
1120,2,78,0,Miércoles,4
1121,2,78,0,Miércoles,5
1122,1,78,0,Miércoles,6
1123,1,78,0,Miércoles,7
1124,26,78,0,Miércoles,9
1125,5,78,0,Jueves,2
1126,5,78,0,Jueves,3
1127,26,78,0,Jueves,9
1128,5,78,0,Viernes,1
1129,26,78,0,Viernes,1
1130,5,78,0,Viernes,2
1131,26,78,0,Viernes,2
1132,3,78,0,Viernes,3
1133,4,78,0,Viernes,3
1134,27,78,0,Viernes,3
1135,3,78,0,Viernes,4
1136,27,78,0,Viernes,4
1137,1,78,0,Viernes,5
1138,1,78,0,Viernes,6
1139,2,78,0,Viernes,7
1140,2,78,0,Viernes,8
