id_leccion,id_profesor,id_clase,id_asignatura,es_hti,grupo,duracion,sesiones_semana
1,11,6,52,0,La clase entera,Dos lecciones,1
2,11,6,52,0,La clase entera,Lección,1
3,8,6,25,0,La clase entera,Dos lecciones,1
4,47,12,57,0,La clase entera,Dos lecciones,1
5,23,12,26,0,La clase entera,Dos lecciones,1
6,23,12,26,0,La clase entera,Lección,1
7,36,18,65,0,La clase entera,Dos lecciones,1
8,36,18,65,0,La clase entera,Lección,1
9,8,18,27,0,La clase entera,Dos lecciones,1
10,8,23,28,0,La clase entera,Dos lecciones,1
11,8,23,28,0,La clase entera,Lección,1
12,59,4,1,0,La clase entera,Lección,1
13,64,4,31,0,La clase entera,Dos lecciones,2
14,8,4,25,0,La clase entera,Dos lecciones,1
15,8,4,25,0,La clase entera,Lección,1
16,35,5,1,0,La clase entera,Lección,1
17,59,5,31,0,La clase entera,Dos lecciones,2
18,49,5,25,0,La clase entera,Lección,1
19,49,5,25,0,La clase entera,Dos lecciones,1
20,64,10,36,0,La clase entera,Dos lecciones,2
21,9,10,38,0,La clase entera,Dos lecciones,2
22,8,10,26,0,La clase entera,Dos lecciones,1
23,8,10,26,0,La clase entera,Lección,1
24,9,11,38,0,La clase entera,Dos lecciones,2
25,59,11,6,0,La clase entera,Dos lecciones,2
26,49,11,26,0,La clase entera,Dos lecciones,1
27,49,11,26,0,La clase entera,Lección,1
28,13,16,69,0,La clase entera,Dos lecciones,2
29,13,16,69,0,La clase entera,Lección,1
30,44,17,69,0,La clase entera,Lección,1
31,28,17,48,0,La clase entera,Dos lecciones,2
32,21,21,44,0,La clase entera,Lección,1
33,7,21,45,0,La clase entera,Dos lecciones,2
34,21,22,44,0,La clase entera,Lección,1
35,7,22,45,0,La clase entera,Dos lecciones,2
36,3,1,5,0,La clase entera,Dos lecciones,1
37,3,1,5,0,La clase entera,Lección,1
38,8,1,25,0,La clase entera,Dos lecciones,1
39,8,1,25,0,La clase entera,Lección,1
40,61,2,4,0,La clase entera,Dos lecciones,1
41,3,2,5,0,La clase entera,Dos lecciones,1
42,3,2,5,0,La clase entera,Lección,1
43,49,2,25,0,La clase entera,Dos lecciones,1
44,49,2,25,0,La clase entera,Lección,1
45,11,3,5,0,La clase entera,Lección,1
46,11,3,5,0,La clase entera,Dos lecciones,1
47,23,3,25,0,La clase entera,Lección,1
48,23,3,25,0,La clase entera,Dos lecciones,1
49,8,7,26,0,La clase entera,Dos lecciones,1
50,8,7,26,0,La clase entera,Lección,1
51,33,13,16,0,La clase entera,Dos lecciones,2
52,8,13,27,0,La clase entera,Dos lecciones,1
53,8,13,27,0,La clase entera,Lección,1
54,33,14,16,0,La clase entera,Dos lecciones,2
55,33,15,16,0,La clase entera,Dos lecciones,2
56,70,20,19,0,La clase entera,Lección,1
57,58,24,137,0,La clase entera,Dos lecciones,2
58,58,25,137,0,La clase entera,Dos lecciones,2
59,61,14,12,0,La clase entera,Lección,1
60,24,19,177,0,La clase entera,Dos lecciones,1
61,24,19,177,0,La clase entera,Lección,1
62,24,20,177,0,La clase entera,Dos lecciones,1
63,24,20,177,0,La clase entera,Lección,1
64,27,19,24,0,La clase entera,Dos lecciones,1
65,27,19,24,0,La clase entera,Lección,1
66,27,20,24,0,La clase entera,Lección,1
67,27,20,24,0,La clase entera,Dos lecciones,1
68,67,1,143,0,La clase entera,Lección,1
69,67,4,143,0,La clase entera,Lección,1
70,67,6,143,0,La clase entera,Lección,1
71,67,5,143,0,La clase entera,Lección,1
72,67,2,143,0,La clase entera,Lección,1
73,67,3,143,0,La clase entera,Lección,1
74,17,1,114,0,La clase entera,Lección,1
75,3,1,117,0,La clase entera,Lección,1
76,8,1,84,0,La clase entera,Lección,1
77,61,2,116,0,La clase entera,Lección,1
78,17,2,114,0,La clase entera,Lección,1
79,3,2,117,0,La clase entera,Lección,1
80,62,2,78,0,La clase entera,Lección,1
81,49,2,84,0,La clase entera,Lección,1
82,18,3,115,0,La clase entera,Lección,1
83,11,3,117,0,La clase entera,Lección,1
84,23,3,84,0,La clase entera,Lección,1
85,1,7,85,0,La clase entera,Lección,1
86,73,7,118,0,La clase entera,Lección,1
87,10,7,119,0,La clase entera,Lección,1
88,32,7,120,0,La clase entera,Lección,1
89,8,7,84,0,La clase entera,Lección,1
90,10,8,119,0,La clase entera,Lección,1
91,1,8,85,0,La clase entera,Lección,1
92,10,9,119,0,La clase entera,Lección,1
93,24,8,120,0,La clase entera,Lección,1
94,9,9,121,0,La clase entera,Lección,1
95,20,13,123,0,La clase entera,Lección,1
96,54,13,125,0,La clase entera,Lección,1
97,33,13,126,0,La clase entera,Lección,1
98,8,13,98,0,La clase entera,Lección,1
99,20,14,123,0,La clase entera,Lección,1
100,54,14,125,0,La clase entera,Lección,1
101,33,14,126,0,La clase entera,Lección,1
102,33,15,126,0,La clase entera,Lección,1
103,61,14,122,0,La clase entera,Lección,1
104,24,19,132,0,La clase entera,Lección,1
105,27,19,133,0,La clase entera,Lección,1
106,27,20,133,0,La clase entera,Lección,1
107,24,20,132,0,La clase entera,Lección,1
108,70,20,129,0,La clase entera,Lección,1
109,58,24,134,0,La clase entera,Lección,1
110,58,25,134,0,La clase entera,Lección,1
111,59,4,78,0,La clase entera,Lección,1
112,64,4,80,0,La clase entera,Lección,1
113,41,4,81,0,La clase entera,Lección,1
114,8,4,84,0,La clase entera,Lección,1
115,35,5,78,0,La clase entera,Lección,1
116,44,5,79,0,La clase entera,Lección,1
117,59,5,80,0,La clase entera,Lección,1
118,49,5,84,0,La clase entera,Lección,1
119,41,10,87,0,La clase entera,Lección,1
120,64,10,88,0,La clase entera,Lección,1
121,19,10,89,0,La clase entera,Lección,1
122,9,10,90,0,La clase entera,Lección,1
123,8,10,84,0,La clase entera,Lección,1
124,9,11,90,0,La clase entera,Lección,1
125,19,11,89,0,La clase entera,Lección,1
126,59,11,86,0,La clase entera,Lección,1
127,44,11,88,0,La clase entera,Lección,1
128,49,11,84,0,La clase entera,Lección,1
129,21,21,99,0,La clase entera,Lección,1
130,7,21,100,0,La clase entera,Lección,1
131,71,21,101,0,La clase entera,Lección,1
132,21,22,99,0,La clase entera,Lección,1
133,71,22,101,0,La clase entera,Lección,1
134,7,22,100,0,La clase entera,Lección,1
135,23,12,84,0,La clase entera,Lección,1
136,63,23,,1,La clase entera,Lección,1
137,8,23,98,0,La clase entera,Lección,1
138,26,16,92,0,La clase entera,Lección,1
139,13,16,93,0,La clase entera,Lección,1
140,12,16,94,0,La clase entera,Lección,1
141,21,16,95,0,La clase entera,Lección,1
142,12,16,96,0,La clase entera,Lección,1
143,8,16,98,0,La clase entera,Lección,1
144,26,17,92,0,La clase entera,Lección,1
145,8,17,98,0,La clase entera,Lección,1
146,12,17,96,0,La clase entera,Lección,1
147,21,17,95,0,La clase entera,Lección,1
148,44,17,93,0,La clase entera,Lección,1
149,28,17,97,0,La clase entera,Lección,1
150,17,1,2,0,La clase entera,Dos lecciones,1
151,8,16,27,0,La clase entera,Dos lecciones,1
152,8,16,27,0,La clase entera,Lección,1
153,8,17,27,0,La clase entera,Lección,1
154,8,17,27,0,La clase entera,Dos lecciones,1
155,43,7,121,0,La clase entera,Lección,1
156,50,8,121,0,La clase entera,Lección,1
157,4,9,120,0,La clase entera,Lección,1
158,52,25,138,0,La clase entera,Dos lecciones,1
159,52,25,138,0,La clase entera,Lección,1
160,52,25,135,0,La clase entera,Lección,1
161,14,4,83,0,La clase entera,Lección,1
162,72,4,79,0,La clase entera,Lección,1
163,72,4,30,0,La clase entera,Dos lecciones,2
164,59,5,34,0,La clase entera,Dos lecciones,2
165,59,5,83,0,La clase entera,Lección,1
166,72,10,86,0,La clase entera,Lección,1
167,72,10,6,0,La clase entera,Dos lecciones,2
168,28,16,48,0,La clase entera,Dos lecciones,2
169,28,16,97,0,La clase entera,Lección,1
170,48,21,105,0,La clase entera,Lección,1
171,48,21,50,0,La clase entera,Dos lecciones,2
172,71,22,104,0,La clase entera,Lección,1
173,44,22,105,0,La clase entera,Lección,1
174,47,6,51,0,La clase entera,Dos lecciones,1
175,51,12,58,0,La clase entera,Lección,1
176,51,12,58,0,La clase entera,Dos lecciones,1
177,37,23,108,0,La clase entera,Lección,1
178,63,23,71,0,La clase entera,Dos lecciones,2
179,31,26,147,0,La clase entera,Dos lecciones,3
180,14,26,148,0,La clase entera,Dos lecciones,3
181,30,26,25,0,La clase entera,Dos lecciones,2
182,62,27,1,0,La clase entera,Dos lecciones,3
183,14,27,148,0,La clase entera,Dos lecciones,3
184,31,27,147,0,La clase entera,Dos lecciones,3
185,49,27,25,0,La clase entera,Dos lecciones,2
186,31,28,151,0,La clase entera,Dos lecciones,2
187,68,28,155,0,La clase entera,Lección,1
188,68,28,155,0,La clase entera,Dos lecciones,2
189,38,28,166,0,La clase entera,Dos lecciones,2
190,40,28,154,0,La clase entera,Lección,1
191,40,28,154,0,La clase entera,Dos lecciones,2
192,57,28,156,0,La clase entera,Lección,1
193,31,29,151,0,La clase entera,Dos lecciones,2
194,68,29,155,0,La clase entera,Lección,1
195,68,29,155,0,La clase entera,Dos lecciones,2
196,38,29,166,0,La clase entera,Dos lecciones,2
197,40,29,154,0,La clase entera,Lección,1
198,40,29,154,0,La clase entera,Dos lecciones,2
199,65,30,157,0,La clase entera,Dos lecciones,2
200,65,31,157,0,La clase entera,Dos lecciones,2
201,26,34,106,0,La clase entera,Dos lecciones,1
202,18,3,3,0,La clase entera,Dos lecciones,1
203,57,28,156,0,La clase entera,Dos lecciones,1
204,38,6,55,0,La clase entera,Dos lecciones,1
205,38,6,55,0,La clase entera,Dos lecciones,1
206,18,6,56,0,La clase entera,Dos lecciones,1
207,18,6,56,0,La clase entera,Dos lecciones,1
208,37,12,59,0,La clase entera,Dos lecciones,1
209,38,12,61,0,La clase entera,Dos lecciones,1
210,38,12,61,0,La clase entera,Dos lecciones,1
211,43,12,62,0,La clase entera,Dos lecciones,1
212,43,12,62,0,La clase entera,Dos lecciones,1
213,2,18,68,0,La clase entera,Dos lecciones,1
214,2,18,68,0,La clase entera,Dos lecciones,1
215,37,23,176,0,La clase entera,Dos lecciones,1
216,37,23,176,0,La clase entera,Dos lecciones,1
217,41,4,32,0,La clase entera,Dos lecciones,1
218,41,10,35,0,La clase entera,Dos lecciones,1
219,12,16,41,0,La clase entera,Dos lecciones,1
220,26,16,39,0,La clase entera,Dos lecciones,1
221,21,17,42,0,La clase entera,Dos lecciones,1
222,21,16,42,0,La clase entera,Dos lecciones,1
223,17,1,2,0,La clase entera,Lección,1
224,61,2,4,0,La clase entera,Lección,1
225,61,2,4,0,La clase entera,Dos lecciones,1
226,17,2,2,0,La clase entera,Dos lecciones,1
227,17,2,2,0,La clase entera,Lección,1
228,17,2,2,0,La clase entera,Dos lecciones,1
229,18,3,3,0,La clase entera,Lección,1
230,1,7,7,0,La clase entera,Dos lecciones,1
231,32,7,10,0,La clase entera,Dos lecciones,1
232,43,7,65,0,La clase entera,Dos lecciones,1
233,1,8,7,0,La clase entera,Dos lecciones,1
234,1,8,7,0,La clase entera,Dos lecciones,1
235,1,7,7,0,La clase entera,Dos lecciones,1
236,24,8,10,0,La clase entera,Dos lecciones,1
237,24,8,10,0,La clase entera,Dos lecciones,1
238,50,8,65,0,La clase entera,Dos lecciones,1
239,1,9,7,0,La clase entera,Dos lecciones,1
240,1,9,7,0,La clase entera,Dos lecciones,1
241,9,9,65,0,La clase entera,Dos lecciones,1
242,4,9,10,0,La clase entera,Dos lecciones,1
243,54,13,15,0,La clase entera,Dos lecciones,1
244,61,14,12,0,La clase entera,Dos lecciones,1
245,54,14,15,0,La clase entera,Dos lecciones,1
246,70,20,19,0,La clase entera,Dos lecciones,1
247,14,4,34,0,La clase entera,Dos lecciones,1
248,14,4,34,0,La clase entera,Dos lecciones,1
249,40,2,3,0,La clase entera,Dos lecciones,1
250,40,2,3,0,La clase entera,Dos lecciones,1
251,40,2,3,0,La clase entera,Lección,1
252,40,2,115,0,La clase entera,Lección,1
253,10,7,9,0,La clase entera,Dos lecciones,1
254,10,8,9,0,La clase entera,Dos lecciones,1
255,10,9,9,0,La clase entera,Dos lecciones,1
256,9,9,65,0,La clase entera,Dos lecciones,1
257,42,4,82,0,La clase entera,Lección,1
258,42,5,82,0,La clase entera,Lección,1
259,71,21,104,0,La clase entera,Lección,1
260,17,1,2,0,La clase entera,Dos lecciones,1
261,62,2,1,0,La clase entera,Dos lecciones,3
262,17,3,2,0,La clase entera,Dos lecciones,1
263,17,3,2,0,La clase entera,Dos lecciones,1
264,17,3,2,0,La clase entera,Lección,1
265,18,3,3,0,La clase entera,Dos lecciones,1
266,15,7,6,0,La clase entera,Lección,1
267,15,7,86,0,La clase entera,Lección,1
268,32,7,10,0,La clase entera,Dos lecciones,1
269,43,7,65,0,La clase entera,Dos lecciones,1
270,15,8,6,0,La clase entera,Lección,1
271,15,8,86,0,La clase entera,Lección,1
272,50,8,65,0,La clase entera,Dos lecciones,1
273,4,9,10,0,La clase entera,Dos lecciones,1
274,20,13,157,0,La clase entera,Dos lecciones,1
275,20,13,157,0,La clase entera,Dos lecciones,1
276,20,14,157,0,La clase entera,Dos lecciones,1
277,20,14,157,0,La clase entera,Dos lecciones,1
278,60,15,15,0,La clase entera,Dos lecciones,1
279,60,15,15,0,La clase entera,Dos lecciones,1
280,60,15,125,0,La clase entera,Lección,1
281,4,19,18,0,La clase entera,Dos lecciones,1
282,4,19,18,0,La clase entera,Dos lecciones,1
283,70,19,19,0,La clase entera,Dos lecciones,1
284,70,19,19,0,La clase entera,Lección,1
285,70,19,129,0,La clase entera,Lección,1
286,70,19,19,0,La clase entera,Dos lecciones,1
287,4,20,18,0,La clase entera,Dos lecciones,1
288,4,20,18,0,La clase entera,Dos lecciones,1
289,70,20,19,0,La clase entera,Dos lecciones,1
290,69,25,136,0,La clase entera,Lección,1
291,69,25,140,0,La clase entera,Dos lecciones,1
292,69,25,140,0,La clase entera,Lección,1
293,15,7,6,0,La clase entera,Dos lecciones,2
294,15,8,6,0,La clase entera,Dos lecciones,2
295,41,4,32,0,La clase entera,Dos lecciones,1
296,42,4,33,0,La clase entera,Dos lecciones,1
297,42,4,33,0,La clase entera,Dos lecciones,1
298,59,4,1,0,La clase entera,Dos lecciones,2
299,35,5,1,0,La clase entera,Dos lecciones,2
300,44,5,30,0,La clase entera,Dos lecciones,1
301,44,5,30,0,La clase entera,Dos lecciones,1
302,41,5,32,0,La clase entera,Dos lecciones,1
303,41,5,32,0,La clase entera,Dos lecciones,1
304,42,5,33,0,La clase entera,Dos lecciones,1
305,42,5,33,0,La clase entera,Dos lecciones,1
306,46,10,7,0,La clase entera,Dos lecciones,1
307,46,10,7,0,La clase entera,Dos lecciones,1
308,46,10,7,0,La clase entera,Lección,1
309,46,10,85,0,La clase entera,Lección,1
310,41,10,35,0,La clase entera,Dos lecciones,1
311,19,10,37,0,La clase entera,Dos lecciones,1
312,29,11,35,0,La clase entera,Dos lecciones,1
313,29,11,35,0,La clase entera,Dos lecciones,1
314,29,11,87,0,La clase entera,Lección,1
315,44,11,36,0,La clase entera,Dos lecciones,1
316,44,11,36,0,La clase entera,Dos lecciones,1
317,19,11,37,0,La clase entera,Dos lecciones,1
318,26,16,39,0,La clase entera,Dos lecciones,1
319,12,16,41,0,La clase entera,Dos lecciones,1
320,21,16,42,0,La clase entera,Dos lecciones,1
321,12,16,43,0,La clase entera,Dos lecciones,1
322,26,17,39,0,La clase entera,Dos lecciones,1
323,26,17,39,0,La clase entera,Dos lecciones,1
324,44,17,69,0,La clase entera,Dos lecciones,1
325,44,17,69,0,La clase entera,Dos lecciones,1
326,21,17,42,0,La clase entera,Dos lecciones,1
327,12,17,43,0,La clase entera,Dos lecciones,1
328,12,17,43,0,La clase entera,Dos lecciones,1
329,21,21,44,0,La clase entera,Dos lecciones,1
330,71,21,46,0,La clase entera,Dos lecciones,1
331,71,21,46,0,La clase entera,Dos lecciones,1
332,71,21,49,0,La clase entera,Dos lecciones,1
333,71,21,49,0,La clase entera,Dos lecciones,1
334,21,22,44,0,La clase entera,Dos lecciones,1
335,71,22,46,0,La clase entera,Dos lecciones,1
336,71,22,46,0,La clase entera,Dos lecciones,1
337,46,22,47,0,La clase entera,Dos lecciones,2
338,71,22,49,0,La clase entera,Dos lecciones,1
339,71,22,49,0,La clase entera,Dos lecciones,1
340,44,22,50,0,La clase entera,Dos lecciones,1
341,44,22,50,0,La clase entera,Dos lecciones,1
342,54,13,15,0,La clase entera,Dos lecciones,1
343,54,14,15,0,La clase entera,Dos lecciones,1
344,8,6,25,0,La clase entera,Lección,1
345,37,12,59,0,La clase entera,Dos lecciones,1
346,55,18,67,0,La clase entera,Dos lecciones,1
347,55,18,67,0,La clase entera,Dos lecciones,1
348,48,18,69,0,La clase entera,Dos lecciones,1
349,48,18,69,0,La clase entera,Dos lecciones,1
350,60,27,149,0,La clase entera,Dos lecciones,1
351,60,26,149,0,La clase entera,Dos lecciones,1
352,60,30,7,0,La clase entera,Dos lecciones,2
353,60,31,7,0,La clase entera,Dos lecciones,2
354,25,30,173,0,La clase entera,Dos lecciones,2
355,25,31,173,0,La clase entera,Dos lecciones,2
356,42,34,159,0,La clase entera,Dos lecciones,1
357,26,34,141,0,La clase entera,Dos lecciones,1
358,42,34,165,0,La clase entera,Dos lecciones,1
359,42,34,165,0,La clase entera,Lección,1
360,6,26,150,0,La clase entera,Dos lecciones,1
361,6,26,150,0,La clase entera,Lección,1
362,6,27,150,0,La clase entera,Dos lecciones,1
363,6,27,150,0,La clase entera,Lección,1
364,62,26,77,0,La clase entera,Lección,1
365,14,26,77,0,La clase entera,Lección,1
366,31,26,77,0,La clase entera,Lección,1
367,60,26,77,0,La clase entera,Lección,1
368,6,26,77,0,La clase entera,Lección,1
369,60,30,77,0,La clase entera,Lección,1
370,32,30,77,0,La clase entera,Lección,1
371,34,30,77,0,La clase entera,Lección,1
372,65,30,77,0,La clase entera,Lección,1
373,68,30,77,0,La clase entera,Lección,1
374,25,30,77,0,La clase entera,Lección,1
375,68,31,60,0,La clase entera,Dos lecciones,2
376,68,30,60,0,La clase entera,Dos lecciones,2
377,34,30,172,0,La clase entera,Dos lecciones,2
378,23,31,27,0,La clase entera,Dos lecciones,2
379,26,34,106,0,La clase entera,Lección,1
380,32,30,171,0,La clase entera,Dos lecciones,2
381,32,31,171,0,La clase entera,Dos lecciones,2
382,23,28,26,0,La clase entera,Dos lecciones,2
383,30,29,26,0,La clase entera,Dos lecciones,2
384,66,30,27,0,La clase entera,Dos lecciones,2
385,4,19,128,0,La clase entera,Lección,1
386,73,7,8,0,La clase entera,Dos lecciones,2
387,18,14,124,0,La clase entera,Lección,1
388,61,14,12,0,La clase entera,Dos lecciones,1
389,18,14,14,0,La clase entera,Dos lecciones,2
390,4,20,128,0,La clase entera,Lección,1
391,41,5,81,0,La clase entera,Lección,1
392,19,10,37,0,La clase entera,Dos lecciones,1
393,19,11,37,0,La clase entera,Dos lecciones,1
394,46,21,103,0,La clase entera,Lección,1
395,46,22,103,0,La clase entera,Lección,1
396,43,18,66,0,La clase entera,Dos lecciones,1
397,43,18,66,0,La clase entera,Dos lecciones,1
398,55,23,75,0,La clase entera,Dos lecciones,1
399,55,23,75,0,La clase entera,Dos lecciones,1
400,55,23,111,0,La clase entera,Lección,1
401,17,3,114,0,La clase entera,Lección,1
402,1,9,85,0,La clase entera,Lección,1
403,12,16,43,0,La clase entera,Dos lecciones,1
404,63,18,37,0,La clase entera,Dos lecciones,2
405,46,21,47,0,La clase entera,Dos lecciones,2
406,65,30,157,0,La clase entera,Lección,1
407,65,31,157,0,La clase entera,Lección,1
408,8,18,27,0,La clase entera,Lección,1
409,8,18,98,0,La clase entera,Lección,1
410,16,32,175,0,La clase entera,Lección,1
411,16,32,175,0,La clase entera,Dos lecciones,2
412,16,33,175,0,La clase entera,Lección,1
413,16,33,175,0,La clase entera,Dos lecciones,2
414,28,32,22,0,"La clase entera,La clase entera",Dos lecciones,2
415,28,33,22,0,"La clase entera,La clase entera",Dos lecciones,2
416,25,32,22,0,"La clase entera,La clase entera",Dos lecciones,2
417,25,33,22,0,"La clase entera,La clase entera",Dos lecciones,2
418,28,32,22,0,"La clase entera,La clase entera",Lección,1
419,28,33,22,0,"La clase entera,La clase entera",Lección,1
420,25,32,22,0,"La clase entera,La clase entera",Lección,1
421,25,33,22,0,"La clase entera,La clase entera",Lección,1
422,60,31,77,0,La clase entera,Lección,1
423,32,31,77,0,La clase entera,Lección,1
424,65,31,77,0,La clase entera,Lección,1
425,68,31,77,0,La clase entera,Lección,1
426,25,31,77,0,La clase entera,Lección,1
427,56,31,77,0,La clase entera,Lección,1
428,45,32,158,0,La clase entera,Dos lecciones,2
429,45,32,158,0,La clase entera,Lección,1
430,45,33,158,0,La clase entera,Dos lecciones,2
431,45,33,158,0,La clase entera,Lección,1
432,55,33,176,0,La clase entera,Lección,1
433,55,33,176,0,La clase entera,Dos lecciones,2
434,56,31,172,0,La clase entera,Dos lecciones,2
435,60,32,176,0,La clase entera,Lección,1
436,60,32,176,0,La clase entera,Dos lecciones,2
437,65,32,70,0,La clase entera,Lección,1
438,65,32,70,0,La clase entera,Dos lecciones,2
439,62,1,1,0,La clase entera,Dos lecciones,3
440,62,1,78,0,La clase entera,Lección,1
441,24,1,3,0,La clase entera,Dos lecciones,1
442,24,1,3,0,La clase entera,Dos lecciones,1
443,24,1,3,0,La clase entera,Lección,1
444,24,1,115,0,La clase entera,Lección,1
445,52,1,116,0,La clase entera,Lección,1
446,52,1,4,0,La clase entera,Dos lecciones,1
447,52,1,4,0,La clase entera,Lección,1
448,52,1,4,0,La clase entera,Dos lecciones,1
449,42,3,1,0,La clase entera,Dos lecciones,3
450,42,3,78,0,La clase entera,Lección,1
451,52,3,116,0,La clase entera,Lección,1
452,52,3,4,0,La clase entera,Dos lecciones,1
453,52,3,4,0,La clase entera,Lección,1
454,52,3,4,0,La clase entera,Dos lecciones,1
455,17,8,118,0,La clase entera,Lección,1
456,17,8,8,0,La clase entera,Dos lecciones,2
457,49,8,26,0,La clase entera,Lección,1
458,49,8,26,0,La clase entera,Dos lecciones,1
459,49,8,84,0,La clase entera,Lección,1
460,53,9,6,0,La clase entera,Dos lecciones,2
461,53,9,6,0,La clase entera,Lección,1
462,53,9,86,0,La clase entera,Lección,1
463,17,9,8,0,La clase entera,Dos lecciones,2
464,17,9,118,0,La clase entera,Lección,1
465,23,9,26,0,La clase entera,Lección,1
466,23,9,26,0,La clase entera,Dos lecciones,1
467,23,9,84,0,La clase entera,Lección,1
468,61,13,12,0,La clase entera,Dos lecciones,2
469,61,13,12,0,La clase entera,Lección,1
470,61,13,122,0,La clase entera,Lección,1
471,73,13,14,0,La clase entera,Dos lecciones,2
472,73,13,124,0,La clase entera,Lección,1
473,34,13,17,0,La clase entera,Dos lecciones,2
474,34,14,17,0,La clase entera,Dos lecciones,2
475,34,15,17,0,La clase entera,Dos lecciones,2
476,49,14,27,0,La clase entera,Dos lecciones,1
477,49,14,27,0,La clase entera,Lección,1
478,49,14,98,0,La clase entera,Lección,1
479,61,15,12,0,La clase entera,Dos lecciones,2
480,61,15,122,0,La clase entera,Lección,1
481,61,15,12,0,La clase entera,Lección,1
482,20,15,157,0,La clase entera,Dos lecciones,1
483,20,15,157,0,La clase entera,Dos lecciones,1
484,20,15,123,0,La clase entera,Lección,1
485,73,15,124,0,La clase entera,Lección,1
486,73,15,14,0,La clase entera,Dos lecciones,2
487,23,15,27,0,La clase entera,Dos lecciones,1
488,23,15,27,0,La clase entera,Lección,1
489,23,15,98,0,La clase entera,Lección,1
490,45,19,20,0,La clase entera,Dos lecciones,2
491,45,19,130,0,La clase entera,Lección,1
492,40,19,22,0,"La clase entera,La clase entera",Dos lecciones,2
493,40,20,22,0,"La clase entera,La clase entera",Dos lecciones,2
494,70,19,22,0,"La clase entera,La clase entera",Dos lecciones,2
495,70,20,22,0,"La clase entera,La clase entera",Dos lecciones,2
496,40,19,131,0,"La clase entera,La clase entera",Lección,1
497,40,20,131,0,"La clase entera,La clase entera",Lección,1
498,70,19,131,0,"La clase entera,La clase entera",Lección,1
499,70,20,131,0,"La clase entera,La clase entera",Lección,1
500,60,19,131,0,"La clase entera,La clase entera",Lección,1
501,60,20,131,0,"La clase entera,La clase entera",Lección,1
502,69,19,131,0,"La clase entera,La clase entera",Lección,1
503,69,20,131,0,"La clase entera,La clase entera",Lección,1
504,60,19,21,0,"La clase entera,La clase entera",Dos lecciones,2
505,60,20,21,0,"La clase entera,La clase entera",Dos lecciones,2
506,69,19,21,0,"La clase entera,La clase entera",Dos lecciones,2
507,69,20,21,0,"La clase entera,La clase entera",Dos lecciones,2
508,45,20,130,0,La clase entera,Lección,1
509,45,20,20,0,La clase entera,Dos lecciones,2
510,18,24,112,0,"La clase entera,La clase entera",Lección,1
511,18,25,112,0,"La clase entera,La clase entera",Lección,1
512,69,24,112,0,"La clase entera,La clase entera",Lección,1
513,69,25,112,0,"La clase entera,La clase entera",Lección,1
514,18,24,76,0,"La clase entera,La clase entera",Dos lecciones,2
515,18,25,76,0,"La clase entera,La clase entera",Dos lecciones,2
516,69,24,76,0,"La clase entera,La clase entera",Dos lecciones,2
517,69,25,76,0,"La clase entera,La clase entera",Dos lecciones,2
518,52,24,135,0,La clase entera,Lección,1
519,52,24,138,0,La clase entera,Dos lecciones,1
520,52,24,138,0,La clase entera,Lección,1
521,32,24,136,0,La clase entera,Lección,1
522,32,24,140,0,La clase entera,Lección,1
523,32,24,140,0,La clase entera,Dos lecciones,1
524,53,24,141,0,La clase entera,Dos lecciones,1
525,53,24,106,0,La clase entera,Lección,1
526,53,25,141,0,La clase entera,Dos lecciones,1
527,53,25,106,0,La clase entera,Lección,1
528,32,24,112,0,"La clase entera,La clase entera",Lección,1
529,32,25,112,0,"La clase entera,La clase entera",Lección,1
530,39,24,112,0,"La clase entera,La clase entera",Lección,1
531,39,25,112,0,"La clase entera,La clase entera",Lección,1
532,32,24,75,0,"La clase entera,La clase entera",Dos lecciones,2
533,32,25,75,0,"La clase entera,La clase entera",Dos lecciones,2
534,39,24,75,0,"La clase entera,La clase entera",Dos lecciones,2
535,39,25,75,0,"La clase entera,La clase entera",Dos lecciones,2
536,50,6,53,0,La clase entera,Dos lecciones,1
537,50,6,53,0,La clase entera,Dos lecciones,1
538,5,6,54,0,La clase entera,Dos lecciones,1
539,5,6,54,0,La clase entera,Dos lecciones,1
540,55,12,60,0,La clase entera,Dos lecciones,1
541,55,12,60,0,La clase entera,Dos lecciones,1
542,22,12,63,0,La clase entera,Dos lecciones,1
543,22,12,63,0,La clase entera,Dos lecciones,1
544,5,18,64,0,La clase entera,Dos lecciones,1
545,22,23,106,0,La clase entera,Lección,1
546,22,23,70,0,La clase entera,Dos lecciones,1
547,43,23,74,0,La clase entera,Dos lecciones,1
548,43,23,74,0,La clase entera,Dos lecciones,1
549,43,23,102,0,La clase entera,Lección,1
550,46,11,7,0,La clase entera,Lección,1
551,46,11,7,0,La clase entera,Dos lecciones,1
552,46,11,7,0,La clase entera,Dos lecciones,1
553,46,11,85,0,La clase entera,Lección,1
554,38,29,77,0,La clase entera,Lección,1
555,31,29,77,0,La clase entera,Lección,1
556,40,29,77,0,La clase entera,Lección,1
557,68,29,77,0,La clase entera,Lección,1
558,74,29,77,0,La clase entera,Lección,1
559,75,29,77,0,La clase entera,Lección,1
560,74,29,156,0,La clase entera,Lección,1
561,74,29,156,0,La clase entera,Dos lecciones,1
562,38,28,77,0,La clase entera,Lección,1
563,31,28,77,0,La clase entera,Lección,1
564,40,28,77,0,La clase entera,Lección,1
565,68,28,77,0,La clase entera,Lección,1
566,57,28,77,0,La clase entera,Lección,1
567,75,28,77,0,La clase entera,Lección,1
568,75,28,152,0,La clase entera,Dos lecciones,2
569,75,29,152,0,La clase entera,Dos lecciones,2
570,62,27,77,0,La clase entera,Lección,1
571,14,27,77,0,La clase entera,Lección,1
572,31,27,77,0,La clase entera,Lección,1
573,60,27,77,0,La clase entera,Lección,1
574,6,27,77,0,La clase entera,Lección,1
575,8,6,84,0,La clase entera,Lección,1
576,66,34,167,0,La clase entera,Dos lecciones,1
577,66,34,29,0,La clase entera,Dos lecciones,1
578,5,17,94,0,La clase entera,Lección,1
579,5,17,41,0,La clase entera,Dos lecciones,1
580,5,17,41,0,La clase entera,Dos lecciones,1
581,37,21,22,0,"La clase entera,La clase entera",Dos lecciones,2
582,37,22,22,0,"La clase entera,La clase entera",Dos lecciones,2
583,75,21,22,0,"La clase entera,La clase entera",Dos lecciones,2
584,75,22,22,0,"La clase entera,La clase entera",Dos lecciones,2
585,37,21,131,0,"La clase entera,La clase entera",Lección,1
586,37,22,131,0,"La clase entera,La clase entera",Lección,1
587,75,21,131,0,"La clase entera,La clase entera",Lección,1
588,75,22,131,0,"La clase entera,La clase entera",Lección,1
589,67,26,143,0,La clase entera,Lección,1
590,67,27,143,0,La clase entera,Lección,1
591,10,7,9,0,La clase entera,Lección,1
592,10,7,9,0,La clase entera,Lección,1
593,10,8,9,0,La clase entera,Lección,1
594,10,8,9,0,La clase entera,Lección,1
595,10,9,9,0,La clase entera,Lección,1
596,10,9,9,0,La clase entera,Lección,1
597,62,26,1,0,La clase entera,Dos lecciones,2
598,62,26,1,0,La clase entera,Lección,1
599,62,26,1,0,La clase entera,Lección,1
600,34,13,127,0,La clase entera,Lección,1
601,34,14,127,0,La clase entera,Lección,1
602,34,15,127,0,La clase entera,Lección,1
603,50,6,177,1,La clase entera,Lección,1
604,65,33,70,0,La clase entera,Dos lecciones,2
605,65,33,70,0,La clase entera,Lección,1
606,63,23,76,0,La clase entera,Dos lecciones,2
607,63,23,111,0,La clase entera,Lección,1
608,2,23,102,0,La clase entera,Lección,1
609,2,23,73,0,La clase entera,Dos lecciones,2
610,47,6,77,0,La clase entera,Lección,1
611,11,6,77,0,La clase entera,Lección,1
612,5,6,77,0,La clase entera,Lección,1
613,38,6,77,0,La clase entera,Lección,1
614,18,6,77,0,La clase entera,Lección,1
615,47,12,77,0,La clase entera,Lección,1
616,51,12,77,0,La clase entera,Lección,1
617,37,12,77,0,La clase entera,Lección,1
618,55,12,77,0,La clase entera,Lección,1
619,38,12,77,0,La clase entera,Lección,1
620,43,12,77,0,La clase entera,Lección,1
621,22,12,77,0,La clase entera,Lección,1
622,5,18,77,0,La clase entera,Lección,1
623,63,18,77,0,La clase entera,Lección,1
624,43,18,77,0,La clase entera,Lección,1
625,55,18,77,0,La clase entera,Lección,1
626,2,18,77,0,La clase entera,Lección,1
627,48,18,77,0,La clase entera,Lección,1
628,36,18,65,1,La clase entera,Lección,1
